{
  "maps": [
    {
      "_id": "66a24126715fd347d82331ef",
      "mapName": "mapOfBermuda",
      "imgUrl": "localhost:3000/dashboard/1721909542360-map_4.png",
      "zones": [
        {
          "zoneName": "restricted",
          "zoneCoordinates": [
            {
              "x": 0,
              "y": 0
            },
            {
              "x": 1,
              "y": 0
            },
            {
              "x": 1,
              "y": 1
            },
            {
              "x": 0,
              "y": 1
            }
          ],
          "_id": "66a24126715fd347d82331f0"
        }
      ],
      "robots": [
        {
          "roboId": "66a31ddb2c86193999128088",
          "name": "dall-E",
          "createdAt": "2024-07-26T03:55:04.198Z",
          "updatedAt": "2024-07-26T03:55:04.198Z"
        },
        {
          "roboId": "66a31de42c8619399912808e",
          "name": "Wall-E",
          "createdAt": "2024-07-26T04:02:08.028Z",
          "updatedAt": "2024-07-26T04:02:08.028Z"
        }
      ],
      "createdAt": "2024-07-25T12:12:22.368Z",
      "updatedAt": "2024-07-26T04:02:08.028Z"
    },
    {
      "_id": "66a31d402c86193999128081",
      "mapName": "mapOfKalahari",
      "imgUrl": "localhost:3000/dashboard/1721965888836-map_1.png",
      "zones": [
        {
          "zoneName": "docking",
          "zoneCoordinates": [
            {
              "x": 0,
              "y": 0
            },
            {
              "x": 1,
              "y": 0
            },
            {
              "x": 1,
              "y": 1
            },
            {
              "x": 0,
              "y": 1
            }
          ],
          "_id": "66a31d402c86193999128082"
        }
      ],
      "robots": [
        {
          "roboId": "66a31de82c86193999128094",
          "name": "Mall-E",
          "createdAt": "2024-07-26T03:56:09.656Z",
          "updatedAt": "2024-07-26T03:56:09.656Z"
        }
      ],
      "createdAt": "2024-07-26T03:51:28.851Z",
      "updatedAt": "2024-07-26T03:56:09.656Z"
    }
  ]
}