{
  "maps": [
    {
      "tasks": [],
      "_id": "66d69cf42b380dd7c8ab2cd3",
      "mapName": "Map_5",
      "heightInMeter": 0,
      "widthInMeter": 0,
      "origin": {
        "x": 0,
        "y": 0,
        "w": 0,
        "_id": "66d69cf42b380dd7c8ab2cd2"
      },
      "imgUrl": "localhost:3000/dashboard/1725340916082-mapRest.png",
      "mpp": 0,
      "ppm": 0,
      "nodes": [
        [
          {
            "id": 1,
            "x": 486.3926061830303,
            "y": 202.83199858097123,
            "description": "Single Node",
            "actions": [],
            "type": "single"
          }
        ]
      ],
      "edges": [
        []
      ],
      "stations": [],
      "robots": [],
      "logTime": [],
      "createdAt": "2024-09-03T05:21:56.089Z",
      "updatedAt": "2024-09-03T05:21:56.089Z",
      "zones": []
    },
    {
      "_id": "66d6b1d3980eb4d85b552b8e",
      "mapName": "Map_1",
      "heightInMeter": 0,
      "widthInMeter": 0,
      "origin": {
        "x": 0,
        "y": 0,
        "w": 0,
        "_id": "66d6b1d3980eb4d85b552b8d"
      },
      "imgUrl": "localhost:3000/dashboard/1725346259357-samp.png",
      "mpp": 0.04,
      "ppm": 0,
      "nodes": [
        [
          {
            "id": 1,
            "x": 13.112647287221243,
            "y": 7.685500506802348,
            "description": "Single Node",
            "actions": [],
            "type": "single"
          },
          {
            "id": 4,
            "x": 18.680541307882176,
            "y": 8.990498922412268,
            "description": "Intermediate Node",
            "actions": [],
            "type": "multi"
          },
          {
            "id": 5,
            "x": 20.502226950525856,
            "y": 10.339486048660723,
            "description": "Intermediate Node",
            "actions": [],
            "type": "multi"
          }
        ]
      ],
      "edges": [
        [
          {
            "toId": 6,
            "type": "uni"
          },
          {
            "fromId": 3,
            "toId": 4,
            "type": "uni"
          },
          {
            "toId": 6,
            "type": "uni"
          }
        ]
      ],
      "stations": [],
      "throughPut": {
        "Stat": [
          {
            "TotalNumberRobots": 5,
            "TotalTimeElasped": 3600,
            "TotalTaskCount": 100,
            "TotalThroughPutPerHour": 50
          },
          {
            "TotalNumberRobots": 4,
            "TotalTimeElasped": 3600,
            "TotalTaskCount": 90,
            "TotalThroughPutPerHour": 22.5
          },
          {
            "TotalNumberRobots": 5,
            "TotalTimeElasped": 3600,
            "TotalTaskCount": 100,
            "TotalThroughPutPerHour": 35
          },
          {
            "TotalNumberRobots": 5,
            "TotalTimeElasped": 3600,
            "TotalTaskCount": 100,
            "TotalThroughPutPerHour": 12
          },
          {
            "TotalNumberRobots": 4,
            "TotalTimeElasped": 3600,
            "TotalTaskCount": 90,
            "TotalThroughPutPerHour": 22.5
          },
          {
            "TotalNumberRobots": 5,
            "TotalTimeElasped": 3600,
            "TotalTaskCount": 100,
            "TotalThroughPutPerHour": 45
          }
        ],
        "inProg": [
          10,
          3
        ],
        "createdAt": "2024-09-03T06:50:59.372Z",
        "updatedAt": "2024-09-03T06:50:59.372Z"
      },
      "tasks": [
        {
          "task_id": "12345",
          "agent_ID": "AMR 2",
          "agent_name": "Robot A",
          "task_status": {
            "status": "In Progress",
            "color": "#E19F26"
          },
          "sub_task": [
            {
              "source_location": "Location A",
              "task_Add_Time": "1694092800",
              "task_Complete_Time": "1694096400",
              "task_type": "Pickup"
            },
            {
              "source_location": "Location B",
              "task_Add_Time": "1694096500",
              "task_Complete_Time": "1694100000",
              "task_type": "Dropoff"
            }
          ]
        },
        {
          "task_id": "67890",
          "agent_ID": "AMR 3",
          "agent_name": "Robot B",
          "task_status": {
            "status": "Completed",
            "color": "#E19F26"
          },
          "sub_task": [
            {
              "source_location": "Location C",
              "task_Add_Time": "1694100100",
              "task_Complete_Time": "1694103600",
              "task_type": "Transport"
            }
          ]
        }
      ],
      "robots": [],
      "logTime": [],
      "createdAt": "2024-09-03T06:50:59.372Z",
      "updatedAt": "2024-09-05T05:34:57.551Z",
      "zones": []
    },
    {
      "tasks": [],
      "_id": "66d69c1e2b380dd7c8ab2bc8",
      "mapName": "map_3",
      "heightInMeter": 0,
      "widthInMeter": 0,
      "origin": {
        "x": 0,
        "y": 0,
        "w": 0,
        "_id": "66d69c1e2b380dd7c8ab2bc7"
      },
      "imgUrl": "localhost:3000/dashboard/1725340702822-asSamp.png",
      "mpp": 0,
      "ppm": 0,
      "nodes": [
        []
      ],
      "edges": [
        []
      ],
      "stations": [],
      "robots": [],
      "logTime": [],
      "createdAt": "2024-09-03T05:18:22.832Z",
      "updatedAt": "2024-09-03T05:18:22.832Z",
      "zones": []
    },
    {
      "tasks": [],
      "_id": "66d69c3c2b380dd7c8ab2bd2",
      "mapName": "Map_4",
      "heightInMeter": 0,
      "widthInMeter": 0,
      "origin": {
        "x": 0,
        "y": 0,
        "w": 0,
        "_id": "66d69c3c2b380dd7c8ab2bd1"
      },
      "imgUrl": "localhost:3000/dashboard/1725340732800-map_1.png",
      "mpp": 0,
      "ppm": 0,
      "nodes": [
        []
      ],
      "edges": [
        []
      ],
      "stations": [],
      "robots": [],
      "logTime": [],
      "createdAt": "2024-09-03T05:18:52.806Z",
      "updatedAt": "2024-09-03T05:18:52.806Z",
      "zones": []
    }
  ]
}