{
  "project": {
    "_id": "669e27f46d07913165284add",
    "projectName": "project_2",
    "sites": [
      {
        "siteName": "MATEUNIT1",
        "_id": "669e27f46d07913165284ade",
        "maps": [
          {
            "mapId": "66d69cf42b380dd7c8ab2cd3",
            "mapName": "Map_5",
            "createdAt": "2024-09-03T05:21:56.092Z",
            "updatedAt": "2024-09-03T05:21:56.092Z"
          },
          {
            "mapId": "66d6b1d3980eb4d85b552b8e",
            "mapName": "Map_1",
            "createdAt": "2024-09-03T06:50:59.376Z",
            "updatedAt": "2024-09-03T06:50:59.376Z"
          }
        ],
        "createdAt": "2024-07-22T09:35:48.767Z",
        "updatedAt": "2024-07-22T09:35:48.767Z"
      },
      {
        "siteName": "MATEUNIT2",
        "maps": [
          {
            "mapId": "66d69c1e2b380dd7c8ab2bc8",
            "mapName": "map_3",
            "createdAt": "2024-09-03T05:18:22.835Z",
            "updatedAt": "2024-09-03T05:18:22.835Z"
          },
          {
            "mapId": "66d69c3c2b380dd7c8ab2bd2",
            "mapName": "Map_4",
            "createdAt": "2024-09-03T05:18:52.808Z",
            "updatedAt": "2024-09-03T05:18:52.808Z"
          }
        ],
        "_id": "66d54cfa2354d54c757f8f09",
        "createdAt": "2024-09-02T05:28:26.679Z",
        "updatedAt": "2024-09-02T05:28:26.679Z"
      }
    ],
    "robots": [
      {
        "roboId": "66a31de42c8619399912808e",
        "createdAt": "2024-07-26T03:54:12.081Z",
        "updatedAt": "2024-07-26T03:54:12.081Z"
      },
      {
        "roboId": "66a31de82c86193999128094",
        "createdAt": "2024-07-26T03:54:16.594Z",
        "updatedAt": "2024-07-26T03:54:16.594Z"
      },
      {
        "roboId": "66c2efbf0ae283d819f173a7",
        "name": "transformer",
        "createdAt": "2024-08-19T07:09:51.549Z",
        "updatedAt": "2024-08-19T07:09:51.549Z"
      },
      {
        "roboId": "66c831477b067a920904957c",
        "name": "transforr",
        "createdAt": "2024-08-23T06:50:47.143Z",
        "updatedAt": "2024-08-23T06:50:47.143Z"
      }
    ],
    "createdAt": "2024-07-22T09:35:48.767Z",
    "updatedAt": "2024-09-03T06:50:59.376Z"
  },
  "img": [
    "1725340916082-mapRest.png",
    "1725346259357-samp.png",
    "1725340702822-asSamp.png",
    "1725340732800-map_1.png"
  ]
}