{
  "robos": [
    {
      "_id": "66a31ddb2c86193999128088",
      "roboName": "dall-E",
      "type": "AGV",
      "ipAdd": "192.188.0.1",
      "macAdd": "9C:35:5B:56:4C:D7",
      "status": "idle",
      "batteryStatus": 80,
      "roboTask": [
        "pick screws",
        "drop down"
      ],
      "error": [],
      "location": [
        {
          "x": 0,
          "y": 0
        }
      ],
      "createdAt": "2024-07-26T03:54:03.995Z",
      "updatedAt": "2024-07-26T03:54:03.995Z"
    },
    {
      "_id": "66a31de42c8619399912808e",
      "roboName": "Wall-E",
      "type": "AGV",
      "ipAdd": "192.188.0.1",
      "macAdd": "9C:35:5B:56:4C:D7",
      "status": "idle",
      "batteryStatus": 80,
      "roboTask": [
        "pick screws",
        "drop down"
      ],
      "error": [],
      "location": [
        {
          "x": 0,
          "y": 0
        }
      ],
      "createdAt": "2024-07-26T03:54:12.079Z",
      "updatedAt": "2024-07-26T03:54:12.079Z"
    },
    {
      "_id": "66a31de82c86193999128094",
      "roboName": "Mall-E",
      "type": "AGV",
      "ipAdd": "192.188.0.1",
      "macAdd": "9C:35:5B:56:4C:D7",
      "status": "idle",
      "batteryStatus": 80,
      "roboTask": [
        "pick screws",
        "drop down"
      ],
      "error": [],
      "location": [
        {
          "x": 0,
          "y": 0
        }
      ],
      "createdAt": "2024-07-26T03:54:16.593Z",
      "updatedAt": "2024-07-26T03:54:16.593Z"
    }
  ]
}