{
  "robos": [
    {
      "imgUrl": "",
      "_id": "66a31de42c8619399912808e",
      "roboName": "Wall-E",
      "type": "AGV",
      "ipAdd": "192.188.0.1",
      "macAdd": "9C:35:5B:56:4C:D7",
      "status": "idle",
      "batteryStatus": 80,
      "roboTask": [
        "pick screws",
        "drop down"
      ],
      "error": [],
      "location": [
        {
          "x": 0,
          "y": 0
        }
      ],
      "createdAt": "2024-07-26T03:54:12.079Z",
      "updatedAt": "2024-07-26T03:54:12.079Z"
    },
    {
      "imgUrl": "",
      "_id": "66a31de82c86193999128094",
      "roboName": "Mall-E",
      "type": "AGV",
      "ipAdd": "192.188.0.1",
      "macAdd": "9C:35:5B:56:4C:D7",
      "status": "idle",
      "batteryStatus": 80,
      "roboTask": [
        "pick screws",
        "drop down"
      ],
      "error": [],
      "location": [
        {
          "x": 0,
          "y": 0
        }
      ],
      "createdAt": "2024-07-26T03:54:16.593Z",
      "updatedAt": "2024-07-26T03:54:16.593Z"
    },
    {
      "_id": "66c2efbf0ae283d819f173a7",
      "roboName": "transformer",
      "type": "AMR",
      "ipAdd": "192.188.0.121",
      "imgUrl": "localhost:3000/roboSpecification/robo1.jpeg",
      "macAdd": "9C:35:5B:56:4C:D5",
      "status": "moving",
      "batteryStatus": 56,
      "roboTask": [
        "pick screws",
        "drop down"
      ],
      "error": [],
      "location": [
        {
          "x": 0,
          "y": 0
        }
      ],
      "createdAt": "2024-08-19T07:09:51.542Z",
      "updatedAt": "2024-08-28T09:18:07.385Z",
      "new_field": "new_val"
    },
    {
      "_id": "66c831477b067a920904957c",
      "roboName": "transforr",
      "type": "AGV",
      "ipAdd": "192.188.0.1",
      "imgUrl": "localhost:3000/roboSpecification/schema_strict.png",
      "macAdd": "9C:35:5B:56:4C:D7",
      "status": "idle",
      "batteryStatus": 80,
      "roboTask": [
        "pick screws",
        "drop down"
      ],
      "error": [],
      "location": [
        {
          "x": 0,
          "y": 0
        }
      ],
      "createdAt": "2024-08-23T06:50:47.140Z",
      "updatedAt": "2024-08-23T12:08:52.501Z"
    }
  ]
}